Workbook
Name SelCounty: OFFSET('[1]County Populations'!$C$2,'[1]County Populations'!$M$6-1,0,'[1]County Populations'!$M$7-'[1]County Populations'!$M$6+1,1)

Sheet County Summary
B2: County (Population) - Threshold | D2: FEMA Inspector | E2: Emergency Work | G2: Permanent Work | L2: Total
B3: Floyd County (80,484) - $391,152.24 | D3: John Lynn | E3: =SUM(Table64[[A]:[B]]) -> 13110.95 | G3: =SUM(Table64[[C]:[G]]) -> 7591.47 | L3: =SUM(Table64[Applicant Total]) -> 20702.42
B5: Applicant | C5: Type | D5: Status | E5: A | F5: B | G5: C | H5: D | I5: E | J5: F | K5: G | L5: Applicant Total
B6: Floyd County Road Dept | C6: County | D6: Complete | E6: 13110.95 | G6: 7591.47 | L6: =SUM(Table64[[#This Row],[A]:[G]]) -> 20702.42
L7: =SUM(Table64[[#This Row],[A]:[G]]) -> 0
L8: =SUM(Table64[[#This Row],[A]:[G]]) -> 0
L9: =SUM(Table64[[#This Row],[A]:[G]]) -> 0
L10: =SUM(Table64[[#This Row],[A]:[G]]) -> 0
L11: =SUM(Table64[[#This Row],[A]:[G]]) -> 0
L12: =SUM(Table64[[#This Row],[A]:[G]]) -> 0
L13: =SUM(Table64[[#This Row],[A]:[G]]) -> 0
L14: =SUM(Table64[[#This Row],[A]:[G]]) -> 0
L15: =SUM(Table64[[#This Row],[A]:[G]]) -> 0
L16: =SUM(Table64[[#This Row],[A]:[G]]) -> 0
L17: =SUM(Table64[[#This Row],[A]:[G]]) -> 0
L18: =SUM(Table64[[#This Row],[A]:[G]]) -> 0
... L101: =SUM(Table64[[#This Row],[A]:[G]]) -> 0

Sheet Comments
A1: Applicant | B1: Comments
A2: ='County Summary'!B6 -> Floyd County Road Dept | B2: Category A: Applicant claimed $13,110.95 in costs in FAL, FAE, and Material Costs associated with debris removal. Reduced $0. Validated $13,110.95 in costs using applicant supplied labor, equipment documentation, and applicant supplied invoices. Category C: Applicant claimed $7,591.47 in costs in FAL, FAE, and Material Costs associated with road repairs. Reduced $0. Validated $7,591.47 in costs using applicant supplied labor, equipment documentation, and material invoices.
A3: ='County Summary'!B7 -> 0
A4: ='County Summary'!B8 -> 0
A5: ='County Summary'!B9 -> 0
A6: ='County Summary'!B10 -> 0
A7: ='County Summary'!B11 -> 0
A8: ='County Summary'!B12 -> 0
A9: ='County Summary'!B13 -> 0
A10: ='County Summary'!B14 -> 0
A11: ='County Summary'!B15 -> 0
A12: ='County Summary'!B16 -> 0
A13: ='County Summary'!B17 -> 0
A14: ='County Summary'!B18 -> 0
... A100: ='County Summary'!B104 -> 0

Sheet Notes
A1: Created by Charles Annerino
A2: Charles.Annerino@fema.dhs.gov

Sheet County Population and Threshold
A1: Indiana (6,785,528) - $13,163,924
A3: County (Population) - Threshold | C3: Team Leads
A4: =E4 & " (" & G4 & ")" & " - " & I4 -> Adams County (35,809) - $174,031.74 | C4: Caleb Smith | E4: Adams County | F4: 35809 | G4: 35,809 | H4: =G4*4.86 -> 174031.74 | I4: =TEXT(H4,"$#,##0.00") -> $174,031.74
A5: =E5 & " (" & G5 & ")" & " - " & I5 -> Allen County (385,410) - $1,873,092.60 | C5: Stacie Grathen | E5: Allen County | F5: 385410 | G5: 385,410 | H5: =G5*4.86 -> 1873092.6 | I5: =TEXT(H5,"$#,##0.00") -> $1,873,092.60
A6: =E6 & " (" & G6 & ")" & " - " & I6 -> Bartholomew County (82,208) - $399,530.88 | C6: Connor Blevins | E6: Bartholomew County | F6: 82208 | G6: 82,208 | H6: =G6*4.86 -> 399530.88 | I6: =TEXT(H6,"$#,##0.00") -> $399,530.88
A7: =E7 & " (" & G7 & ")" & " - " & I7 -> Benton County (8,719) - $42,374.34 | C7: Angela Williams | E7: Benton County | F7: 8719 | G7: 8,719 | H7: =G7*4.86 -> 42374.34 | I7: =TEXT(H7,"$#,##0.00") -> $42,374.34
A8: =E8 & " (" & G8 & ")" & " - " & I8 -> Blackford County (12,112) - $58,864.32 | C8: John Lynn | E8: Blackford County | F8: 12112 | G8: 12,112 | H8: =G8*4.86 -> 58864.32 | I8: =TEXT(H8,"$#,##0.00") -> $58,864.32
A9: =E9 & " (" & G9 & ")" & " - " & I9 -> Boone County (70,812) - $344,146.32 | C9: Bria Moncure | E9: Boone County | F9: 70812 | G9: 70,812 | H9: =G9*4.86 -> 344146.32 | I9: =TEXT(H9,"$#,##0.00") -> $344,146.32
A10: =E10 & " (" & G10 & ")" & " - " & I10 -> Brown County (15,475) - $75,208.50 | C10: Bradley Jasmer | E10: Brown County | F10: 15475 | G10: 15,475 | H10: =G10*4.86 -> 75208.5 | I10: =TEXT(H10,"$#,##0.00") -> $75,208.50
A11: =E11 & " (" & G11 & ")" & " - " & I11 -> Carroll County (20,306) - $98,687.16 | C11: Catherine Warren | E11: Carroll County | F11: 20306 | G11: 20,306 | H11: =G11*4.86 -> 98687.16 | I11: =TEXT(H11,"$#,##0.00") -> $98,687.16
A12: =E12 & " (" & G12 & ")" & " - " & I12 -> Cass County (37,870) - $184,048.20 | E12: Cass County | F12: 37870 | G12: 37,870 | H12: =G12*4.86 -> 184048.2 | I12: =TEXT(H12,"$#,##0.00") -> $184,048.20
A13: =E13 & " (" & G13 & ")" & " - " & I13 -> Clark County (121,093) - $588,511.98 | E13: Clark County | F13: 121093 | G13: 121,093 | H13: =G13*4.86 -> 588511.98 | I13: =TEXT(H13,"$#,##0.00") -> $588,511.98
A14: =E14 & " (" & G14 & ")" & " - " & I14 -> Clay County (26,466) - $128,624.76 | E14: Clay County | F14: 26466 | G14: 26,466 | H14: =G14*4.86 -> 128624.76 | I14: =TEXT(H14,"$#,##0.00") -> $128,624.76
A15: =E15 & " (" & G15 & ")" & " - " & I15 -> Clinton County (33,190) - $161,303.40 | E15: Clinton County | F15: 33190 | G15: 33,190 | H15: =G15*4.86 -> 161303.4 | I15: =TEXT(H15,"$#,##0.00") -> $161,303.40
A16: =E16 & " (" & G16 & ")" & " - " & I16 -> Crawford County (10,526) - $51,156.36 | E16: Crawford County | F16: 10526 | G16: 10,526 | H16: =G16*4.86 -> 51156.36 | I16: =TEXT(H16,"$#,##0.00") -> $51,156.36
A17: =E17 & " (" & G17 & ")" & " - " & I17 -> Daviess County (33,381) - $162,231.66 | E17: Daviess County | F17: 33381 | G17: 33,381 | H17: =G17*4.86 -> 162231.66 | I17: =TEXT(H17,"$#,##0.00") -> $162,231.66
A18: =E18 & " (" & G18 & ")" & " - " & I18 -> Dearborn County (50,679) - $246,299.94 | E18: Dearborn County | F18: 50679 | G18: 50,679 | H18: =G18*4.86 -> 246299.94 | I18: =TEXT(H18,"$#,##0.00") -> $246,299.94
A19: =E19 & " (" & G19 & ")" & " - " & I19 -> Decatur County (26,472) - $128,653.92 | E19: Decatur County | F19: 26472 | G19: 26,472 | H19: =G19*4.86 -> 128653.92 | I19: =TEXT(H19,"$#,##0.00") -> $128,653.92
A20: =E20 & " (" & G20 & ")" & " - " & I20 -> DeKalb County (43,265) - $210,267.90 | E20: DeKalb County | F20: 43265 | G20: 43,265 | H20: =G20*4.86 -> 210267.9 | I20: =TEXT(H20,"$#,##0.00") -> $210,267.90
A21: =E21 & " (" & G21 & ")" & " - " & I21 -> Delaware County (111,903) - $543,848.58 | E21: Delaware County | F21: 111903 | G21: 111,903 | H21: =G21*4.86 -> 543848.58 | I21: =TEXT(H21,"$#,##0.00") -> $543,848.58
A22: =E22 & " (" & G22 & ")" & " - " & I22 -> Dubois County (43,637) - $212,075.82 | E22: Dubois County | F22: 43637 | G22: 43,637 | H22: =G22*4.86 -> 212075.82 | I22: =TEXT(H22,"$#,##0.00") -> $212,075.82
A23: =E23 & " (" & G23 & ")" & " - " & I23 -> Elkhart County (207,047) - $1,006,248.42 | E23: Elkhart County | F23: 207047 | G23: 207,047 | H23: =G23*4.86 -> 1006248.4 | I23: =TEXT(H23,"$#,##0.00") -> $1,006,248.42
... A95: =E95 & " (" & G95 & ")" & " - " & I95 -> Whitley County (34,191) - $166,168.26 | E95: Whitley County | F95: 34191 | G95: 34,191 | H95: =G95*4.86 -> 166168.26 | I95: =TEXT(H95,"$#,##0.00") -> $166,168.26
