Workbook
Name SelCounty: OFFSET('[1]County Populations'!$C$2,'[1]County Populations'!$M$6-1,0,'[1]County Populations'!$M$7-'[1]County Populations'!$M$6+1,1)
Name SelCounty: OFFSET('County Populations'!#REF!,'County Populations'!#REF!-1,0,'County Populations'!#REF!-'County Populations'!#REF!+1,1)
Name SelState: OFFSET('County Populations'!#REF!,'County Populations'!#REF!-1,0,'County Populations'!#REF!-'County Populations'!#REF!+1,1)

Sheet Summary
A1: FEMA Region 5 - Indiana
A2: =" PRELIMINARY DAMAGE ASSESSMENT for " &'Input Sheet'!F1&" " & TEXT('Input Sheet'!H1,"M/D/YYYY") & " to " & TEXT('Input Sheet'!H2,"M/D/YYYY") -> PRELIMINARY DAMAGE ASSESSMENT for 1/0/1900 to 1/0/1900
A4: Totals | C4: Cat A Debris | D4: Cat B Emergency | E4: Cat C Roads | F4: Cat D Water | G4: Cat E Buildings | H4: Cat F Utilities | I4: Cat G Other | J4: Total | K4: State Population | L4: Total Counties | M4: Percent to Overall Threshold
A6: PDA Total | B6: GRAND TOTAL: | C6: =SUM(Summary[Cat A]) -> 0 | D6: =SUM(Summary[Cat B]) -> 0 | E6: =SUM(Summary[Cat C]) -> 0 | F6: =SUM(Summary[Cat D]) -> 0 | G6: =SUM(Summary[Cat E]) -> 0 | H6: =SUM(Summary[Cat F]) -> 0 | I6: =SUM(Summary[Cat G]) -> 0 | J6: =SUM(Summary[Total]) -> 0 | K6: ='Input Sheet'!D2 -> 6785528 | L6: {=SUMPRODUCT((Input[County]<>"")/COUNTIF(Input[County],Input[County]&""))} -> 0
B7: PERCENTAGE: | C7: =IFERROR(C6/$J6, 0) -> 0 | D7: =IFERROR(D6/$J6, 0) -> 0 | E7: =IFERROR(E6/$J6, 0) -> 0 | F7: =IFERROR(F6/$J6, 0) -> 0 | G7: =IFERROR(G6/$J6, 0) -> 0 | H7: =IFERROR(H6/$J6, 0) -> 0 | I7: =IFERROR(I6/$J6, 0) -> 0
A9: Did Not Meet Threshold | B9: TOTAL: | C9: =SUMIF(Summary[Target], "Did Not Meet PCI Target", Summary[Cat A]) -> 0 | D9: =SUMIF(Summary[Target], "Did Not Meet PCI Target", Summary[Cat B]) -> 0 | E9: =SUMIF(Summary[Target], "Did Not Meet PCI Target", Summary[Cat C]) -> 0 | F9: =SUMIF(Summary[Target], "Did Not Meet PCI Target", Summary[Cat D]) -> 0 | G9: =SUMIF(Summary[Target], "Did Not Meet PCI Target", Summary[Cat E]) -> 0 | H9: =SUMIF(Summary[Target], "Did Not Meet PCI Target", Summary[Cat F]) -> 0 | I9: =SUMIF(Summary[Target], "Did Not Meet PCI Target", Summary[Cat G]) -> 0 | J9: =SUMIF(Summary[Target], "Did Not Meet PCI Target", Summary[Total]) -> 0 | K9: ='Input Sheet'!D2 -> 6785528 | L9: =COUNTIF(Summary[Target],"Did Not Meet PCI Target") -> 0
A12: Met 100% Threshold | B12: TOTAL: | C12: =SUMIF(Summary[Target], "Met 100% PCI Target", Summary[Cat A]) -> 0 | D12: =SUMIF(Summary[Target], "Met 100% PCI Target", Summary[Cat B]) -> 0 | E12: =SUMIF(Summary[Target], "Met 100% PCI Target", Summary[Cat C]) -> 0 | F12: =SUMIF(Summary[Target], "Met 100% PCI Target", Summary[Cat D]) -> 0 | G12: =SUMIF(Summary[Target], "Met 100% PCI Target", Summary[Cat E]) -> 0 | H12: =SUMIF(Summary[Target], "Met 100% PCI Target", Summary[Cat F]) -> 0 | I12: =SUMIF(Summary[Target], "Met 100% PCI Target", Summary[Cat G]) -> 0 | J12: =SUMIF(Summary[Target], "Met 100% PCI Target", Summary[Total]) -> 0 | K12: ='Input Sheet'!D2 -> 6785528 | L12: =COUNTIF(Summary[Target],"Met 100% PCI Target") -> 0 | M12: =IFERROR(J9/(K9*'Input Sheet'!J1), 0) -> 0
B13: PERCENTAGE: | C13: =IFERROR(C12/$J12,0) -> 0 | D13: =IFERROR(D12/$J12,0) -> 0 | E13: =IFERROR(E12/$J12,0) -> 0 | F13: =IFERROR(F12/$J12,0) -> 0 | G13: =IFERROR(G12/$J12,0) -> 0 | H13: =IFERROR(H12/$J12,0) -> 0 | I13: =IFERROR(I12/$J12,0) -> 0
A15: Met 50% Threshold | B15: TOTAL: | C15: =SUMIF(Summary[Target], "Met 50% PCI Target", Summary[Cat A]) -> 0 | D15: =SUMIF(Summary[Target], "Met 50% PCI Target", Summary[Cat B]) -> 0 | E15: =SUMIF(Summary[Target], "Met 50% PCI Target", Summary[Cat C]) -> 0 | F15: =SUMIF(Summary[Target], "Met 50% PCI Target", Summary[Cat D]) -> 0 | G15: =SUMIF(Summary[Target], "Met 50% PCI Target", Summary[Cat E]) -> 0 | H15: =SUMIF(Summary[Target], "Met 50% PCI Target", Summary[Cat F]) -> 0 | I15: =SUMIF(Summary[Target], "Met 50% PCI Target", Summary[Cat G]) -> 0 | J15: =SUMIF(Summary[Target], "Met 50% PCI Target", Summary[Total]) -> 0 | K15: ='Input Sheet'!D2 -> 6785528 | L15: =COUNTIF(Summary[Target],"Met 50% PCI Target") -> 0
B16: PERCENTAGE: | C16: =IFERROR(C15/$J$15, 0) -> 0 | D16: =IFERROR(D15/$J$15, 0) -> 0 | E16: =IFERROR(E15/$J$15, 0) -> 0 | F16: =IFERROR(F15/$J$15, 0) -> 0 | G16: =IFERROR(G15/$J$15, 0) -> 0 | H16: =IFERROR(H15/$J$15, 0) -> 0 | I16: =IFERROR(I15/$J$15, 0) -> 0
A18: Validated Grand Total | B18: TOTAL: | C18: =SUMIF(Summary[Target], "Met 100% PCI Target", Summary[Cat A]) +SUMIF(Summary[Target], "Met 50% PCI Target", Summary[Cat A]) -> 0 | D18: =SUMIF(Summary[Target], "Met 100% PCI Target", Summary[Cat B]) +SUMIF(Summary[Target], "Met 50% PCI Target", Summary[Cat B]) -> 0 | E18: =SUMIF(Summary[Target], "Met 100% PCI Target", Summary[Cat C]) +SUMIF(Summary[Target], "Met 50% PCI Target", Summary[Cat C]) -> 0 | F18: =SUMIF(Summary[Target], "Met 100% PCI Target", Summary[Cat D]) +SUMIF(Summary[Target], "Met 50% PCI Target", Summary[Cat D]) -> 0 | G18: =SUMIF(Summary[Target], "Met 100% PCI Target", Summary[Cat E]) +SUMIF(Summary[Target], "Met 50% PCI Target", Summary[Cat E]) -> 0 | H18: =SUMIF(Summary[Target], "Met 100% PCI Target", Summary[Cat F]) +SUMIF(Summary[Target], "Met 50% PCI Target", Summary[Cat F]) -> 0 | I18: =SUMIF(Summary[Target], "Met 100% PCI Target", Summary[Cat G]) +SUMIF(Summary[Target], "Met 50% PCI Target", Summary[Cat G]) -> 0 | J18: =SUMIF(Summary[Target], "Met 100% PCI Target", Summary[Total]) +SUMIF(Summary[Target], "Met 50% PCI Target", Summary[Total]) -> 0 | K18: ='Input Sheet'!D11 -> 0 | L18: =COUNTIF(Summary[Target],"Met 100% PCI Target") +COUNTIF(Summary[Target],"Met 50% PCI Target") -> 0 | M18: =IFERROR(J18/(K18*'Input Sheet'!J10), 0) -> 0
B19: PERCENTAGE: | C19: =IFERROR(C18/$J18, 0) -> 0 | D19: =IFERROR(D18/$J18, 0) -> 0 | E19: =IFERROR(E18/$J18, 0) -> 0 | F19: =IFERROR(F18/$J18, 0) -> 0 | G19: =IFERROR(G18/$J18, 0) -> 0 | H19: =IFERROR(H18/$J18, 0) -> 0 | I19: =IFERROR(I18/$J18, 0) -> 0
A21: County | B21: Population | C21: Cat A | D21: Cat B | E21: Cat C | F21: Cat D | G21: Cat E | H21: Cat F | I21: Cat G | J21: Total | K21: County PCI Target | L21: % County PCI Target | M21: Target
A22: Adams | B22: 35809 | C22: =SUMIF(Input[County], A22, Input[A]) -> 0 | D22: =SUMIF(Input[County], A22, Input[B]) -> 0 | E22: =SUMIF(Input[County], A22, Input[C]) -> 0 | F22: =SUMIF(Input[County], A22, Input[D]) -> 0 | G22: =SUMIF(Input[County], A22, Input[E]) -> 0 | H22: =SUMIF(Input[County], A22, Input[F]) -> 0 | I22: =SUMIF(Input[County], A22, Input[G]) -> 0 | J22: =SUM(C22:I22) -> 0 | K22: =Summary[[#This Row],[Population]]*'Input Sheet'!$J$2 -> 174031.74 | L22: =IF(A22="","",J22/K22) -> 0 | M22: {=_xlfn.IFS(A74="", "", L74>1, "Met 100% PCI Target", AND(L74>0.4999, L74<1), "Met 50% PCI Target", L74<0.4999, "Didn't Meet PCI Target")} -> Didn't Meet PCI Target
A23: Allen | B23: 385410 | C23: =SUMIF(Input[County], A23, Input[A]) -> 0 | D23: =SUMIF(Input[County], A23, Input[B]) -> 0 | E23: =SUMIF(Input[County], A23, Input[C]) -> 0 | F23: =SUMIF(Input[County], A23, Input[D]) -> 0 | G23: =SUMIF(Input[County], A23, Input[E]) -> 0 | H23: =SUMIF(Input[County], A23, Input[F]) -> 0 | I23: =SUMIF(Input[County], A23, Input[G]) -> 0 | J23: =SUM(C23:I23) -> 0 | K23: =Summary[[#This Row],[Population]]*'Input Sheet'!$J$2 -> 1873092.6 | L23: =IF(A23="","",J23/K23) -> 0 | M23: {=_xlfn.IFS(A75="", "", L75>1, "Met 100% PCI Target", AND(L75>0.4999, L75<1), "Met 50% PCI Target", L75<0.4999, "Didn't Meet PCI Target")} -> Didn't Meet PCI Target
A24: Bartholomew | B24: 82208 | C24: =SUMIF(Input[County], A24, Input[A]) -> 0 | D24: =SUMIF(Input[County], A24, Input[B]) -> 0 | E24: =SUMIF(Input[County], A24, Input[C]) -> 0 | F24: =SUMIF(Input[County], A24, Input[D]) -> 0 | G24: =SUMIF(Input[County], A24, Input[E]) -> 0 | H24: =SUMIF(Input[County], A24, Input[F]) -> 0 | I24: =SUMIF(Input[County], A24, Input[G]) -> 0 | J24: =SUM(C24:I24) -> 0 | K24: =Summary[[#This Row],[Population]]*'Input Sheet'!$J$2 -> 399530.88 | L24: =IF(A24="","",J24/K24) -> 0 | M24: {=_xlfn.IFS(A76="", "", L76>1, "Met 100% PCI Target", AND(L76>0.4999, L76<1), "Met 50% PCI Target", L76<0.4999, "Didn't Meet PCI Target")} -> Didn't Meet PCI Target
A25: Benton | B25: 8719 | C25: =SUMIF(Input[County], A25, Input[A]) -> 0 | D25: =SUMIF(Input[County], A25, Input[B]) -> 0 | E25: =SUMIF(Input[County], A25, Input[C]) -> 0 | F25: =SUMIF(Input[County], A25, Input[D]) -> 0 | G25: =SUMIF(Input[County], A25, Input[E]) -> 0 | H25: =SUMIF(Input[County], A25, Input[F]) -> 0 | I25: =SUMIF(Input[County], A25, Input[G]) -> 0 | J25: =SUM(C25:I25) -> 0 | K25: =Summary[[#This Row],[Population]]*'Input Sheet'!$J$2 -> 42374.34 | L25: =IF(A25="","",J25/K25) -> 0 | M25: {=_xlfn.IFS(A77="", "", L77>1, "Met 100% PCI Target", AND(L77>0.4999, L77<1), "Met 50% PCI Target", L77<0.4999, "Didn't Meet PCI Target")} -> Didn't Meet PCI Target
A26: Blackford | B26: 12112 | C26: =SUMIF(Input[County], A26, Input[A]) -> 0 | D26: =SUMIF(Input[County], A26, Input[B]) -> 0 | E26: =SUMIF(Input[County], A26, Input[C]) -> 0 | F26: =SUMIF(Input[County], A26, Input[D]) -> 0 | G26: =SUMIF(Input[County], A26, Input[E]) -> 0 | H26: =SUMIF(Input[County], A26, Input[F]) -> 0 | I26: =SUMIF(Input[County], A26, Input[G]) -> 0 | J26: =SUM(C26:I26) -> 0 | K26: =Summary[[#This Row],[Population]]*'Input Sheet'!$J$2 -> 58864.32 | L26: =IF(A26="","",J26/K26) -> 0 | M26: {=_xlfn.IFS(A78="", "", L78>1, "Met 100% PCI Target", AND(L78>0.4999, L78<1), "Met 50% PCI Target", L78<0.4999, "Didn't Meet PCI Target")} -> Didn't Meet PCI Target
A27: Boone | B27: 70812 | C27: =SUMIF(Input[County], A27, Input[A]) -> 0 | D27: =SUMIF(Input[County], A27, Input[B]) -> 0 | E27: =SUMIF(Input[County], A27, Input[C]) -> 0 | F27: =SUMIF(Input[County], A27, Input[D]) -> 0 | G27: =SUMIF(Input[County], A27, Input[E]) -> 0 | H27: =SUMIF(Input[County], A27, Input[F]) -> 0 | I27: =SUMIF(Input[County], A27, Input[G]) -> 0 | J27: =SUM(C27:I27) -> 0 | K27: =Summary[[#This Row],[Population]]*'Input Sheet'!$J$2 -> 344146.32 | L27: =IF(A27="","",J27/K27) -> 0 | M27: {=_xlfn.IFS(A79="", "", L79>1, "Met 100% PCI Target", AND(L79>0.4999, L79<1), "Met 50% PCI Target", L79<0.4999, "Didn't Meet PCI Target")} -> Didn't Meet PCI Target
A28: Brown | B28: 15475 | C28: =SUMIF(Input[County], A28, Input[A]) -> 0 | D28: =SUMIF(Input[County], A28, Input[B]) -> 0 | E28: =SUMIF(Input[County], A28, Input[C]) -> 0 | F28: =SUMIF(Input[County], A28, Input[D]) -> 0 | G28: =SUMIF(Input[County], A28, Input[E]) -> 0 | H28: =SUMIF(Input[County], A28, Input[F]) -> 0 | I28: =SUMIF(Input[County], A28, Input[G]) -> 0 | J28: =SUM(C28:I28) -> 0 | K28: =Summary[[#This Row],[Population]]*'Input Sheet'!$J$2 -> 75208.5 | L28: =IF(A28="","",J28/K28) -> 0 | M28: {=_xlfn.IFS(A80="", "", L80>1, "Met 100% PCI Target", AND(L80>0.4999, L80<1), "Met 50% PCI Target", L80<0.4999, "Didn't Meet PCI Target")} -> Didn't Meet PCI Target
A29: Carroll | B29: 20306 | C29: =SUMIF(Input[County], A29, Input[A]) -> 0 | D29: =SUMIF(Input[County], A29, Input[B]) -> 0 | E29: =SUMIF(Input[County], A29, Input[C]) -> 0 | F29: =SUMIF(Input[County], A29, Input[D]) -> 0 | G29: =SUMIF(Input[County], A29, Input[E]) -> 0 | H29: =SUMIF(Input[County], A29, Input[F]) -> 0 | I29: =SUMIF(Input[County], A29, Input[G]) -> 0 | J29: =SUM(C29:I29) -> 0 | K29: =Summary[[#This Row],[Population]]*'Input Sheet'!$J$2 -> 98687.16 | L29: =IF(A29="","",J29/K29) -> 0 | M29: {=_xlfn.IFS(A81="", "", L81>1, "Met 100% PCI Target", AND(L81>0.4999, L81<1), "Met 50% PCI Target", L81<0.4999, "Didn't Meet PCI Target")} -> Didn't Meet PCI Target
A30: Cass | B30: 37870 | C30: =SUMIF(Input[County], A30, Input[A]) -> 0 | D30: =SUMIF(Input[County], A30, Input[B]) -> 0 | E30: =SUMIF(Input[County], A30, Input[C]) -> 0 | F30: =SUMIF(Input[County], A30, Input[D]) -> 0 | G30: =SUMIF(Input[County], A30, Input[E]) -> 0 | H30: =SUMIF(Input[County], A30, Input[F]) -> 0 | I30: =SUMIF(Input[County], A30, Input[G]) -> 0 | J30: =SUM(C30:I30) -> 0 | K30: =Summary[[#This Row],[Population]]*'Input Sheet'!$J$2 -> 184048.2 | L30: =IF(A30="","",J30/K30) -> 0 | M30: {=_xlfn.IFS(A82="", "", L82>1, "Met 100% PCI Target", AND(L82>0.4999, L82<1), "Met 50% PCI Target", L82<0.4999, "Didn't Meet PCI Target")} -> Didn't Meet PCI Target
A31: Clark | B31: 121093 | C31: =SUMIF(Input[County], A31, Input[A]) -> 0 | D31: =SUMIF(Input[County], A31, Input[B]) -> 0 | E31: =SUMIF(Input[County], A31, Input[C]) -> 0 | F31: =SUMIF(Input[County], A31, Input[D]) -> 0 | G31: =SUMIF(Input[County], A31, Input[E]) -> 0 | H31: =SUMIF(Input[County], A31, Input[F]) -> 0 | I31: =SUMIF(Input[County], A31, Input[G]) -> 0 | J31: =SUM(C31:I31) -> 0 | K31: =Summary[[#This Row],[Population]]*'Input Sheet'!$J$2 -> 588511.98 | L31: =IF(A31="","",J31/K31) -> 0 | M31: {=_xlfn.IFS(A83="", "", L83>1, "Met 100% PCI Target", AND(L83>0.4999, L83<1), "Met 50% PCI Target", L83<0.4999, "Didn't Meet PCI Target")} -> Didn't Meet PCI Target
A32: Clay | B32: 26466 | C32: =SUMIF(Input[County], A32, Input[A]) -> 0 | D32: =SUMIF(Input[County], A32, Input[B]) -> 0 | E32: =SUMIF(Input[County], A32, Input[C]) -> 0 | F32: =SUMIF(Input[County], A32, Input[D]) -> 0 | G32: =SUMIF(Input[County], A32, Input[E]) -> 0 | H32: =SUMIF(Input[County], A32, Input[F]) -> 0 | I32: =SUMIF(Input[County], A32, Input[G]) -> 0 | J32: =SUM(C32:I32) -> 0 | K32: =Summary[[#This Row],[Population]]*'Input Sheet'!$J$2 -> 128624.76 | L32: =IF(A32="","",J32/K32) -> 0 | M32: {=_xlfn.IFS(A84="", "", L84>1, "Met 100% PCI Target", AND(L84>0.4999, L84<1), "Met 50% PCI Target", L84<0.4999, "Didn't Meet PCI Target")} -> Didn't Meet PCI Target
A33: Clinton | B33: 33190 | C33: =SUMIF(Input[County], A33, Input[A]) -> 0 | D33: =SUMIF(Input[County], A33, Input[B]) -> 0 | E33: =SUMIF(Input[County], A33, Input[C]) -> 0 | F33: =SUMIF(Input[County], A33, Input[D]) -> 0 | G33: =SUMIF(Input[County], A33, Input[E]) -> 0 | H33: =SUMIF(Input[County], A33, Input[F]) -> 0 | I33: =SUMIF(Input[County], A33, Input[G]) -> 0 | J33: =SUM(C33:I33) -> 0 | K33: =Summary[[#This Row],[Population]]*'Input Sheet'!$J$2 -> 161303.4 | L33: =IF(A33="","",J33/K33) -> 0 | M33: {=_xlfn.IFS(A85="", "", L85>1, "Met 100% PCI Target", AND(L85>0.4999, L85<1), "Met 50% PCI Target", L85<0.4999, "Didn't Meet PCI Target")} -> Didn't Meet PCI Target
... A113: Whitley | B113: 34191 | C113: =SUMIF(Input[County], A113, Input[A]) -> 0 | D113: =SUMIF(Input[County], A113, Input[B]) -> 0 | E113: =SUMIF(Input[County], A113, Input[C]) -> 0 | F113: =SUMIF(Input[County], A113, Input[D]) -> 0 | G113: =SUMIF(Input[County], A113, Input[E]) -> 0 | H113: =SUMIF(Input[County], A113, Input[F]) -> 0 | I113: =SUMIF(Input[County], A113, Input[G]) -> 0 | J113: =SUM(C113:I113) -> 0 | K113: =Summary[[#This Row],[Population]]*'Input Sheet'!$J$2 -> 166168.26 | L113: =IF(A113="","",J113/K113) -> 0 | M113: {=_xlfn.IFS(A165="", "", L165>1, "Met 100% PCI Target", AND(L165>0.4999, L165<1), "Met 50% PCI Target", L165<0.4999, "Didn't Meet PCI Target")}
K114: =IF($A114="","",VLOOKUP('Input Sheet'!$D$2 & " " & $A114,Pop[#All],4,FALSE)) | L114: =IFERROR(IF($A114="","",ROUND($J114/$K114,2)),"") | M114: =IF(A114="Grand Total","",IF(ISNUMBER(#REF!),#REF!*2/SUM(#REF!),""))
K115: =IF($A115="","",VLOOKUP('Input Sheet'!$D$2 & " " & $A115,Pop[#All],4,FALSE)) | L115: =IFERROR(IF($A115="","",ROUND($J115/$K115,2)),"") | M115: =IF(A115="Grand Total","",IF(ISNUMBER(#REF!),#REF!*2/SUM(#REF!),""))
K116: =IF($A116="","",VLOOKUP('Input Sheet'!$D$2 & " " & $A116,Pop[#All],4,FALSE)) | L116: =IFERROR(IF($A116="","",ROUND($J116/$K116,2)),"") | M116: =IF(A116="Grand Total","",IF(ISNUMBER(#REF!),#REF!*2/SUM(#REF!),""))
K117: =IF($A117="","",VLOOKUP('Input Sheet'!$D$2 & " " & $A117,Pop[#All],4,FALSE)) | L117: =IFERROR(IF($A117="","",ROUND($J117/$K117,2)),"") | M117: =IF(A117="Grand Total","",IF(ISNUMBER(#REF!),#REF!*2/SUM(#REF!),""))
K118: =IF($A118="","",VLOOKUP('Input Sheet'!$D$2 & " " & $A118,Pop[#All],4,FALSE)) | L118: =IFERROR(IF($A118="","",ROUND($J118/$K118,2)),"") | M118: =IF(A118="Grand Total","",IF(ISNUMBER(#REF!),#REF!*2/SUM(#REF!),""))
K119: =IF($A119="","",VLOOKUP('Input Sheet'!$D$2 & " " & $A119,Pop[#All],4,FALSE)) | L119: =IFERROR(IF($A119="","",ROUND($J119/$K119,2)),"") | M119: =IF(A119="Grand Total","",IF(ISNUMBER(#REF!),#REF!*2/SUM(#REF!),""))
K120: =IF($A120="","",VLOOKUP('Input Sheet'!$D$2 & " " & $A120,Pop[#All],4,FALSE)) | L120: =IFERROR(IF($A120="","",ROUND($J120/$K120,2)),"") | M120: =IF(A120="Grand Total","",IF(ISNUMBER(#REF!),#REF!*2/SUM(#REF!),""))
K121: =IF($A121="","",VLOOKUP('Input Sheet'!$D$2 & " " & $A121,Pop[#All],4,FALSE)) | L121: =IFERROR(IF($A121="","",ROUND($J121/$K121,2)),"") | M121: =IF(A121="Grand Total","",IF(ISNUMBER(#REF!),#REF!*2/SUM(#REF!),""))
K122: =IF($A122="","",VLOOKUP('Input Sheet'!$D$2 & " " & $A122,Pop[#All],4,FALSE)) | L122: =IFERROR(IF($A122="","",ROUND($J122/$K122,2)),"") | M122: =IF(A122="Grand Total","",IF(ISNUMBER(#REF!),#REF!*2/SUM(#REF!),""))
K123: =IF($A123="","",VLOOKUP('Input Sheet'!$D$2 & " " & $A123,Pop[#All],4,FALSE)) | L123: =IFERROR(IF($A123="","",ROUND($J123/$K123,2)),"") | M123: =IF(A123="Grand Total","",IF(ISNUMBER(#REF!),#REF!*2/SUM(#REF!),""))
K124: =IF($A124="","",VLOOKUP('Input Sheet'!$D$2 & " " & $A124,Pop[#All],4,FALSE)) | L124: =IFERROR(IF($A124="","",ROUND($J124/$K124,2)),"") | M124: =IF(A124="Grand Total","",IF(ISNUMBER(#REF!),#REF!*2/SUM(#REF!),""))
K125: =IF($A125="","",VLOOKUP('Input Sheet'!$D$2 & " " & $A125,Pop[#All],4,FALSE)) | L125: =IFERROR(IF($A125="","",ROUND($J125/$K125,2)),"") | M125: =IF(A125="Grand Total","",IF(ISNUMBER(#REF!),#REF!*2/SUM(#REF!),""))
... K427: =IF($A427="","",VLOOKUP('Input Sheet'!$D$2 & " " & $A427,Pop[#All],4,FALSE)) | L427: =IFERROR(IF($A427="","",ROUND($J427/$K427,2)),"") | M427: =IF(A427="Grand Total","",IF(ISNUMBER(#REF!),#REF!*2/SUM(#REF!),""))
K428: =IF($A428="","",VLOOKUP('Input Sheet'!$D$2 & " " & $A428,Pop[#All],4,FALSE)) | L428: =IFERROR(IF($A428="","",$J428/$K428),"") | M428: =IF(A428="Grand Total","",IF(ISNUMBER(#REF!),#REF!*2/SUM(#REF!),""))

Sheet Input Sheet
A1: Couties: | B1: {=SUMPRODUCT((Input[County]<>"")/COUNTIF(Input[County],Input[County]&""))} -> 0 | C1: State Code: | D1: IN | E1: Event Type: | G1: Incident Start: | I1: State Per Capita: | J1: 1.94
A2: Applicants: | C2: Population: | D2: 6785528 | E2: PDA Start: | G2: Incident End: | I2: County Per Capita: | J2: 4.86
A4: Subrecipient | B4: County | C4: Status | D4: A | E4: B | F4: C | G4: D | H4: E | I4: F | J4: G
A6: Total | D6: =SUBTOTAL(109,Input[A]) -> 0 | E6: =SUBTOTAL(109,Input[B]) -> 0 | F6: =SUBTOTAL(109,Input[C]) -> 0 | G6: =SUBTOTAL(109,Input[D]) -> 0 | H6: =SUBTOTAL(109,Input[E]) -> 0 | I6: =SUBTOTAL(109,Input[F]) -> 0 | J6: =SUBTOTAL(109,Input[G]) -> 0

Sheet Applicants
A1: Applicant | B1: Count
A2: Alcona County Road Commission | B2: 1
A3: PIE&G - Alcona | B3: 1
A4: City of Douglas | B4: 1
A5: City of Plainwell | B5: 1
A6: Gun Plain Township | B6: 1
A7: Alpena Road Commission | B7: 1
A8: Alpena, City of | B8: 1
A9: Village of Bellaire | B9: 1
A10: Antrim County | B10: 1
A11: Benzie County Road Commission | B11: 1
A12: Benzonia Township | B12: 1
A13: Betsie Valley Trail | B13: 1
... A120: Village of Kalkaska | B120: 1
B121: =SUBTOTAL(109,Table14[Count]) -> 99

Sheet Reductions
E1: Total Reductions | G1: =SUM(Table4[Reduction]) -> 0
B2: County | C2: Applicant | D2: Cat | E2: Original | F2: Eligible | G2: Reduction | H2: Reduction Category | I2: Notes
G86: =Table4[[#This Row],[Eligible]]-Table4[[#This Row],[Original]] -> 0
G87: =Table4[[#This Row],[Eligible]]-Table4[[#This Row],[Original]] -> 0
G88: =Table4[[#This Row],[Eligible]]-Table4[[#This Row],[Original]] -> 0
G89: =Table4[[#This Row],[Eligible]]-Table4[[#This Row],[Original]] -> 0
G90: =Table4[[#This Row],[Eligible]]-Table4[[#This Row],[Original]] -> 0

Sheet RVAR
A1: WI PDA - (INSERT MONTH/YEAR HERE)
A3: Timeline | B3: Date
A4: Incident Period
A5: PDA Timeline
A7: PDA Stats - Indiana | B7: Total
A8: Counties | D8: Map | E8: Map
A9: Applicants | B9: ='Input Sheet'!B2 -> 0
A11: Total & State Threshold | B11: Total
A12: PDA Total
A13: State Threshold | B13: =Summary!K6*'Input Sheet'!J1 -> 13163924
A15: Indicators & Projects | B15: Total
A16: Statewide Indicator | B16: 1.94 | D16: County | E16: Total
A17: Countywide Indicator | B17: 4.86 | D17: Adams | E17: =_xlfn.XLOOKUP(Table114[[#This Row],[County]], Summary[County], Summary[Total]) -> 0
A18: Small Project Minimum | B18: 4100 | D18: Allen | E18: =_xlfn.XLOOKUP(Table114[[#This Row],[County]], Summary[County], Summary[Total]) -> 0
A19: Large Project Threshold | B19: 1093800 | D19: Bartholomew | E19: =_xlfn.XLOOKUP(Table114[[#This Row],[County]], Summary[County], Summary[Total]) -> 0
D20: Benton | E20: =_xlfn.XLOOKUP(Table114[[#This Row],[County]], Summary[County], Summary[Total]) -> 0
A21: Damage Category | B21: Total | D21: Blackford | E21: =_xlfn.XLOOKUP(Table114[[#This Row],[County]], Summary[County], Summary[Total]) -> 0
A22: Category A | D22: Boone | E22: =_xlfn.XLOOKUP(Table114[[#This Row],[County]], Summary[County], Summary[Total]) -> 0
A23: Category B | D23: Brown | E23: =_xlfn.XLOOKUP(Table114[[#This Row],[County]], Summary[County], Summary[Total]) -> 0
A24: Category C | D24: Carroll | E24: =_xlfn.XLOOKUP(Table114[[#This Row],[County]], Summary[County], Summary[Total]) -> 0
A25: Category D | D25: Cass | E25: =_xlfn.XLOOKUP(Table114[[#This Row],[County]], Summary[County], Summary[Total]) -> 0
A26: Category E | D26: Clark | E26: =_xlfn.XLOOKUP(Table114[[#This Row],[County]], Summary[County], Summary[Total]) -> 0
A27: Category F | D27: Clay | E27: =_xlfn.XLOOKUP(Table114[[#This Row],[County]], Summary[County], Summary[Total]) -> 0
A28: Category G | D28: Clinton | E28: =_xlfn.XLOOKUP(Table114[[#This Row],[County]], Summary[County], Summary[Total]) -> 0
D29: Crawford | E29: =_xlfn.XLOOKUP(Table114[[#This Row],[County]], Summary[County], Summary[Total]) -> 0
A30: FEMA Team | B30: State Team | D30: Daviess | E30: =_xlfn.XLOOKUP(Table114[[#This Row],[County]], Summary[County], Summary[Total]) -> 0
D31: Dearborn | E31: =_xlfn.XLOOKUP(Table114[[#This Row],[County]], Summary[County], Summary[Total]) -> 0
D32: Decatur | E32: =_xlfn.XLOOKUP(Table114[[#This Row],[County]], Summary[County], Summary[Total]) -> 0
D33: DeKalb | E33: =_xlfn.XLOOKUP(Table114[[#This Row],[County]], Summary[County], Summary[Total]) -> 0
D34: Delaware | E34: =_xlfn.XLOOKUP(Table114[[#This Row],[County]], Summary[County], Summary[Total]) -> 0
D35: Dubois | E35: =_xlfn.XLOOKUP(Table114[[#This Row],[County]], Summary[County], Summary[Total]) -> 0
D36: Elkhart | E36: =_xlfn.XLOOKUP(Table114[[#This Row],[County]], Summary[County], Summary[Total]) -> 0
D37: Fayette | E37: =_xlfn.XLOOKUP(Table114[[#This Row],[County]], Summary[County], Summary[Total]) -> 0
D38: Floyd | E38: =_xlfn.XLOOKUP(Table114[[#This Row],[County]], Summary[County], Summary[Total]) -> 0
D39: Fountain | E39: =_xlfn.XLOOKUP(Table114[[#This Row],[County]], Summary[County], Summary[Total]) -> 0
D40: Franklin | E40: =_xlfn.XLOOKUP(Table114[[#This Row],[County]], Summary[County], Summary[Total]) -> 0
D41: Fulton | E41: =_xlfn.XLOOKUP(Table114[[#This Row],[County]], Summary[County], Summary[Total]) -> 0
D42: Gibson | E42: =_xlfn.XLOOKUP(Table114[[#This Row],[County]], Summary[County], Summary[Total]) -> 0
... D108: Whitley | E108: =_xlfn.XLOOKUP(Table114[[#This Row],[County]], Summary[County], Summary[Total]) -> 0

Sheet PCI Indicator
A1: Public Assistance Preliminary Damage Assessments (PDA)
A3: STATE/TERRITORY | B3: POPULATION | C3: STATE PCI | D3: COUNTY PCI | E3: STATUS
A4: Michigan | B4: 10077331 | C4: 1.94 | D4: 4.86 | E4: TBD
A6: INCIDENT NAME | B6: Date | C6: INCIDENT START | D6: INCIDENT END DATE | E6: INCIDENT TYPE
A7: TBD | B7: TBD | C7: 46122 | D7: ='Input Sheet'!H2 -> 0 | E7: ='Input Sheet'!F1 -> 0
A9: FACTOR | B9: TOTAL | C9: POPULATION | D9: STATE PCI | E9: STATE PCI TARGET | F9: % STATE PCI Target | G9: PERCENT STATE PCI
A10: Met PCI | B10: =SUMIF(F14:F56, ">1", C14:C56) -> 0 | C10: =B4 -> 10077331 | D10: 1.94 | E10: =D10*C10 -> 19550022 | F10: >=75 | G10: =B10/E10 -> 0
A11: Met or Exceeded 50% PCI | B11: =SUMIFS(C14:C56, F14:F56, "<1", F14:F56, ">.4999999999" ) -> 0 | C11: =SUMIFS(B14:B56, F14:F56, "<1", F14:F56, ">.4999999999" ) -> 0 | D11: 1.94 | E11: =D11*C11 -> 0 | F11: >=100 | G11: =IFERROR(B11/E11, 0) -> 0
A13: COUNTY | B13: POPULATION | C13: VALIDATED COSTS | D13: COUNTY PCI | E13: COUNTY PCI TARGET | F13: MEETS 100% INDICATOR | G13: MEETS 50% INDICATOR
A14: Alcona | B14: 10167 | C14: =SUMIFS(Input[A], Input[County], A14) +SUMIFS(Input[B], Input[County], A14) +SUMIFS(Input[C], Input[County], A14) +SUMIFS(Input[D], Input[County], A14) +SUMIFS(Input[E], Input[County], A14) +SUMIFS(Input[F], Input[County], A14) +SUMIFS(Input[G], Input[County], A14) -> 0 | D14: 4.86 | E14: =D14*B14 -> 49411.62 | F14: =IFERROR(C14/E14, "TBC") -> 0 | G14: =C14/E14 -> 0
A15: Allegan | B15: 120502 | C15: =SUMIFS(Input[A], Input[County], A15) +SUMIFS(Input[B], Input[County], A15) +SUMIFS(Input[C], Input[County], A15) +SUMIFS(Input[D], Input[County], A15) +SUMIFS(Input[E], Input[County], A15) +SUMIFS(Input[F], Input[County], A15) +SUMIFS(Input[G], Input[County], A15) -> 0 | D15: 4.86 | E15: =D15*B15 -> 585639.72 | F15: =IFERROR(C15/E15, "TBC") -> 0 | G15: =C15/E15 -> 0
A16: Alpena | B16: 28907 | C16: =SUMIFS(Input[A], Input[County], A16) +SUMIFS(Input[B], Input[County], A16) +SUMIFS(Input[C], Input[County], A16) +SUMIFS(Input[D], Input[County], A16) +SUMIFS(Input[E], Input[County], A16) +SUMIFS(Input[F], Input[County], A16) +SUMIFS(Input[G], Input[County], A16) -> 0 | D16: 4.86 | E16: =D16*B16 -> 140488.02 | F16: =IFERROR(C16/E16, "TBC") -> 0 | G16: =C16/E16 -> 0
A17: Antrim | B17: 23431 | C17: =SUMIFS(Input[A], Input[County], A17) +SUMIFS(Input[B], Input[County], A17) +SUMIFS(Input[C], Input[County], A17) +SUMIFS(Input[D], Input[County], A17) +SUMIFS(Input[E], Input[County], A17) +SUMIFS(Input[F], Input[County], A17) +SUMIFS(Input[G], Input[County], A17) -> 0 | D17: 4.86 | E17: =D17*B17 -> 113874.66 | F17: =IFERROR(C17/E17, "TBC") -> 0 | G17: =C17/E17 -> 0
A18: Arenac | B18: 15002 | C18: =SUMIFS(Input[A], Input[County], A18) +SUMIFS(Input[B], Input[County], A18) +SUMIFS(Input[C], Input[County], A18) +SUMIFS(Input[D], Input[County], A18) +SUMIFS(Input[E], Input[County], A18) +SUMIFS(Input[F], Input[County], A18) +SUMIFS(Input[G], Input[County], A18) -> 0 | D18: 4.86 | E18: =D18*B18 -> 72909.72 | F18: =IFERROR(C18/E18, "TBC") -> 0 | G18: =C18/E18 -> 0
A19: Barry | B19: 62423 | C19: =SUMIFS(Input[A], Input[County], A19) +SUMIFS(Input[B], Input[County], A19) +SUMIFS(Input[C], Input[County], A19) +SUMIFS(Input[D], Input[County], A19) +SUMIFS(Input[E], Input[County], A19) +SUMIFS(Input[F], Input[County], A19) +SUMIFS(Input[G], Input[County], A19) -> 0 | D19: 4.86 | E19: =D19*B19 -> 303375.78 | F19: =IFERROR(C19/E19, "TBC") -> 0 | G19: =C19/E19 -> 0
A20: Benzie | B20: 17970 | C20: =SUMIFS(Input[A], Input[County], A20) +SUMIFS(Input[B], Input[County], A20) +SUMIFS(Input[C], Input[County], A20) +SUMIFS(Input[D], Input[County], A20) +SUMIFS(Input[E], Input[County], A20) +SUMIFS(Input[F], Input[County], A20) +SUMIFS(Input[G], Input[County], A20) -> 0 | D20: 4.86 | E20: =D20*B20 -> 87334.2 | F20: =IFERROR(C20/E20, "TBC") -> 0 | G20: =C20/E20 -> 0
A21: Charlevoix | B21: 26054 | C21: =SUMIFS(Input[A], Input[County], A21) +SUMIFS(Input[B], Input[County], A21) +SUMIFS(Input[C], Input[County], A21) +SUMIFS(Input[D], Input[County], A21) +SUMIFS(Input[E], Input[County], A21) +SUMIFS(Input[F], Input[County], A21) +SUMIFS(Input[G], Input[County], A21) -> 0 | D21: 4.86 | E21: =D21*B21 -> 126622.44 | F21: =IFERROR(C21/E21, "TBC") -> 0 | G21: =C21/E21 -> 0
A22: Cheboygan | B22: 25579 | C22: =SUMIFS(Input[A], Input[County], A22) +SUMIFS(Input[B], Input[County], A22) +SUMIFS(Input[C], Input[County], A22) +SUMIFS(Input[D], Input[County], A22) +SUMIFS(Input[E], Input[County], A22) +SUMIFS(Input[F], Input[County], A22) +SUMIFS(Input[G], Input[County], A22) -> 0 | D22: 4.86 | E22: =D22*B22 -> 124313.94 | F22: =IFERROR(C22/E22, "TBC") -> 0 | G22: =C22/E22 -> 0
A23: Clare | B23: 30856 | C23: =SUMIFS(Input[A], Input[County], A23) +SUMIFS(Input[B], Input[County], A23) +SUMIFS(Input[C], Input[County], A23) +SUMIFS(Input[D], Input[County], A23) +SUMIFS(Input[E], Input[County], A23) +SUMIFS(Input[F], Input[County], A23) +SUMIFS(Input[G], Input[County], A23) -> 0 | D23: 4.86 | E23: =D23*B23 -> 149960.16 | F23: =IFERROR(C23/E23, "TBC") -> 0 | G23: =C23/E23 -> 0
A24: Crawford | B24: 12988 | C24: =SUMIFS(Input[A], Input[County], A24) +SUMIFS(Input[B], Input[County], A24) +SUMIFS(Input[C], Input[County], A24) +SUMIFS(Input[D], Input[County], A24) +SUMIFS(Input[E], Input[County], A24) +SUMIFS(Input[F], Input[County], A24) +SUMIFS(Input[G], Input[County], A24) -> 0 | D24: 4.86 | E24: =D24*B24 -> 63121.68 | F24: =IFERROR(C24/E24, "TBC") -> 0 | G24: =C24/E24 -> 0
A25: Eaton | B25: 109175 | C25: =SUMIFS(Input[A], Input[County], A25) +SUMIFS(Input[B], Input[County], A25) +SUMIFS(Input[C], Input[County], A25) +SUMIFS(Input[D], Input[County], A25) +SUMIFS(Input[E], Input[County], A25) +SUMIFS(Input[F], Input[County], A25) +SUMIFS(Input[G], Input[County], A25) -> 0 | D25: 4.86 | E25: =D25*B25 -> 530590.5 | F25: =IFERROR(C25/E25, "TBC") -> 0 | G25: =C25/E25 -> 0
... A56: Wexford | B56: 33673 | C56: =SUMIFS(Input[A], Input[County], A56) +SUMIFS(Input[B], Input[County], A56) +SUMIFS(Input[C], Input[County], A56) +SUMIFS(Input[D], Input[County], A56) +SUMIFS(Input[E], Input[County], A56) +SUMIFS(Input[F], Input[County], A56) +SUMIFS(Input[G], Input[County], A56) -> 0 | D56: 4.86 | E56: =D56*B56 -> 163650.78 | F56: =IFERROR(C56/E56, "TBC") -> 0 | G56: =C56/E56 -> 0

Sheet County Populations
A1: County | B1: Population
A2: Adams | B2: 20654
A3: Ashland | B3: 16027
A4: Barron | B4: 46711
A5: Bayfield | B5: 16220
A6: Brown | B6: 268740
A7: Buffalo | B7: 13317
A8: Burnett | B8: 16526
A9: Calumet | B9: 52442
A10: Chippewa | B10: 66297
A11: Clark | B11: 34659
A12: Columbia | B12: 58490
A13: Crawford | B13: 16113
... A73: Wood | B73: 74207
A74: State Agencies
A75: Grand Total | B75: 5893718

Sheet Programming Notes
A1: Developed by Anthony James Wright, anthony.wright@fema.dhs.gov
A2: Concept of Operations
A3: The basic structure of the workbook is a input sheet with a table, a summary sheet with a pivot table, and a static data sheet for data validation and population data lookup.
A5: Input Sheet
A6: The input sheet is broken into two parts, basic data entry in the first two rows, and the table for entry of the damage data in rows 4 and below.
A8: BASIC DATA ENTRY: The first two rows are to collect basic data to show on the header of the summary page. It also includes the identification of the two letter state code, which drives data validation for the county, and is needed to complete the lookup of state and county population data (see data validation).
A9: Region Selection: Must choose between 1-10, this drives the State List
A10: State Selection: Must choose from drop down (will show all states if Region is blank)
A11: State and County Data Validation: Based on an offset formula in the name manger (SelState and SelCounty). These offset formulas use the calculations on the County Populations Tab to determine which state/county to show first and last. The State list must be ordered by Region, and the County list must be ordered by state in order for these formulas to work. If the data validation encounters an error, for State it will display all states, for County it will only display the word "County."
A13: DAMAGE TABLE: This is a simply excel table designed to capture the damage data by subrecipient and county. This table includes data validation for all but the subrecipient column. Adding additional columns in the middle of this table will invalidate calculated field "Subtotal." Data Validation is as follows:
A14: -Subrecipient: None
A15: -County: Must select the county from the list. See State/County select below for more information.
... A21: (2) For each state a line for "Grand Total" is needed with the state population. Exact wording is required. Grand total must be the last line for that state.
